id,eco
"ebQKtjgj","D00"
"P60hm7eW","C01"
"Q4Yn28ug","C62"
"IlJYuex6","C44"
"Yqd1GoCv","C25"
"qNlr2AV1","C44"
"xeKeRl4B","B00"
"3NoijwCc","C25"
"VSi6TyRE","C25"
"z8jedbN7","B00"
"0kLq2Q99","C44"
"iXJeyp4B","B00"
"HB2nf0fi","C58"
"r3h9SiLI","C25"
"zGLRjJ4r","C25"
"jcPpqeUR","C48"
"9R4lxcu3","C47"
"gTfGPl5U","B01"
"opIllnQU","C20"
"CCvIT9s2","C55"
"2yVmMv7j","B00"
"nxLrvJ2k","B33"
"CpRc0qRv","C44"
"DMPnHIN2","C24"
"u1ZIW4cB","C29"
"0xgNwz4a","C42"
"lNhRsJXh","B00"
"QtjHcuT6","C62"
"IgQJOxTk","D04"
"JjLncnKX","B01"
"1OKd6DC0","A00"
"Kn6AVAn1","C25"
"AsZX8Jj7","B32"
"EUCfTer8","C25"
"6SQ32RUa","D02"
"0jWLMx4L","C44"
"ptC5cfAs","C62"
"dQ7Ci9na","C50"
"2pNfPdUg","B01"
"CoiKqBwc","C00"
"WJmH18h3","C24"
"K5GNQlk2","C47"
"q2SXCx19","B06"
"sg6IimcP","B00"
"GVtohlPM","A45"
"m3SwMzwv","B10"
"wlu9pc9i","C34"
"v7Kij2ov","B00"
"kwXGCHiZ","D01"
"acaWCBpp","A45"
"OdVx4Djk","B07"
"9oX0F4EV","B01"
"TdxfzB2c","C42"
"sc0mHdhw","C25"
"JIFXQ8vn","C65"
"ocp6KAOl","A45"
"RpKFdLR2","B00"
"rvm7Ptbf","B12"
"gbM47IQ2","C50"
"X7crV7eF","B01"
"ul53sTsj","B00"
"5dIyri4W","C25"
"xQvHcEyS","C25"
"AZMqHVxJ","B00"
"yIoWXkMN","C29"
"v4XTF21C","B01"
"HIiW1KWR","C29"
"GFtbiYMN","C56"
"RTddZ8Zy","C55"
"mTIe2Cta","C42"
"UaJTpf9R","B00"
"4zNVvlCJ","D00"
"oHQhPO3a","C25"
"GfooWxNT","C47"
"4JUDnYDT","C25"
"BUB8T4jP","B00"
"6eQ0Sjph","B00"
"leRrLdP3","B10"
"Ff3CJBpJ","C42"
"BhFFMeKM","E60"
"cQEMDDYq","C62"
"ZO74KFXT","C55"
"CwbAETNk","C01"
"u6DHrPTC","B00"
"PKIE95PB","C44"
"XxmgIGrS","C01"
"UQQnEd2Z","C55"
"zDoMmBeP","A06"
"dLZbFrJP","B00"
"Yxj6hbCh","C47"
"6OuWFmFe","C47"
"Bm8uchHf","B45"
"0T1mxDCe","B00"
"C7DZGN4K","C41"
"zKoBPuhC","C42"
"RMgLHK4E","C62"
"P4e1PvfR","B13"
"j8UBywgm","C44"
"SjdHSYcK","B32"
"4Fhj00vK","D04"
"wKpQlBOz","C25"
"EMyTfuQM","D02"
"hRF0ezaJ","C59"
"TjcXuYKY","C41"
"fPadBVkL","C01"
"UjZeydFg","A01"
"8KYjeZQj","C01"
"ABP0fhZ4","A00"
"G8BTkwLk","B44"
"LKM3id9O","C47"
"kWO7zr1A","B01"
"JKIrSYq6","C46"
"BOPhaLl9","C25"
"Hs3lpaup","D20"
"HSPt4c4l","D20"
"1Ps2jbgW","C26"
"7olqBsI5","C47"
"v2Bd4yQH","B06"
"mTtMk8ko","C00"
"erfJ2GEO","B06"
"9rDglOAm","D02"
"tzfZ9wwf","C26"
"l406pOgQ","B06"
"MwLvBen0","C44"
"uNesq15P","B06"
"xgH1g9mL","A48"
"f1V3NaK9","D00"
"n6YsgWfe","B32"
"6J3QzSXu","C25"
"dpq41qRR","C50"
"ohg6Zavc","C01"
"8nlc7U9P","C48"
"KA4SRKGz","C55"
"yxw5ETh3","C42"
"T7wRaYwY","B00"
"9VS3Nm6X","B00"
"Kjgm7JpO","B01"
"x43JOik5","C54"
"LxEFxCAh","C62"
"B6z9Ms0S","B01"
"0eBVfTwR","B00"
"CtSGh5BB","B06"
"y4ES6Kis","E60"
"6VKuUU6r","C44"
"Z3NUiQA1","B00"
"alUW5ETa","A45"
"ioLdq3md","C47"
"euVFHQ7J","C44"
"cWGoCuXJ","C58"
"YqhI3SMF","B00"
"yMkAU8PD","C25"
"WCRf0GFG","C01"
"6dfSC6P0","C46"
"teJtOvkn","C24"
"yygCTXGN","C25"
"8FIfHHtf","C46"
"eawIJz6X","C48"
"BYtnvPg5","C23"
"Wc9JeGWD","B10"
"jhKbL4dG","C62"
"lr70saBx","C24"
"wngNmXPv","C25"
"bYln5sZe","C25"
"C6LUYTeU","C25"
"2wccmhYb","C62"
"7cFreveG","C50"
"6zvRAMkG","B01"
"roUUp1uw","B00"
"3RBqYdxG","A00"
"VOUv3iqN","B01"
"izVuq71L","B01"
"yMU8mPFT","C29"
"R90gCUoC","C25"
"SMpcnf3K","B00"
"C6VSKDIg","C00"
"P728jBDB","B06"
"LjxBOaaq","A53"
"9Dl03G1P","D02"
"wNdiC0l7","A00"
"fVaQNPAj","C29"
"YugDUfWN","C55"
"MIezJ3cm","C46"
"1v6CRgOS","C44"
"hh04VdEo","C50"
"QtecyESL","B00"
"it1MlQ5W","B00"
"pmiaCUTn","C44"
"ekKTBgYk","C64"
"sIEfEv3C","B40"
"9n7NNvG8","A00"
"9RlPi3nO","C46"
"xEDRvfI6","C50"
"0XEpXuEP","C50"
"5gEk4pSn","D00"
"CuNIp0v4","B06"
"Q33NgiXP","C01"
"u6KCiz1s","D07"
"YbCfBigi","C56"
"ltXY2Vnt","C58"
"jxxWFmR0","C48"
"oyDj95Dv","C41"
"4cwVfQza","C20"
"qtzZvdMG","C47"
"gxSYPO1X","C50"
"Py30LWWv","B00"
"i5VusopD","B50"
"jzQ4E65Y","C62"
"tjTbvKrb","C44"
"JsHdwXEQ","C62"
"ybeEXb0e","B00"
"2vAsSriV","B34"
"yQdWRytR","C62"
"TwKY6QME","C42"
"jEeJPm0b","D01"
"Jrb5IFRi","C47"
"Eps5OTK5","C47"
"QN6Mv3YO","B00"
"4ABT21Cx","C01"
"185FO2nd","B00"
"5stIYHQo","A06"
"IY6rdANi","B00"
"qQwIrwU0","B00"
"0sCVdNW9","B10"
"lrHyLK9a","C62"
"leD3nCNu","B13"
"BhgTkjCo","C44"
"Z8f3xNdv","A06"
"QRFRYI5S","C50"
"EVKvmnI6","C41"
"G2MT2pHa","C25"
"OmQsYdbu","A53"
"A3rn2VH1","C50"
"QH6C0t5E","C41"
"v96tq1uf","A40"
"LWdASJpx","C45"
"JzAIycOK","B32"
"96J6jwKh","C71"
"5Qvafmyq","A20"
"yaTzeLBX","B00"
"U7URKr8w","C40"
"654rFN77","B33"
"7jlmPS1x","B42"
"Jy7vb07M","C54"
"rJyjeLF5","C44"
"3kHa1Bk6","C54"
"JNKO3Yd5","B45"
"d3hyFXtO","D00"
"rml5PHD8","B06"
"DufsQm0K","A15"
"OB01hEFf","C46"
"E4YZrKFh","C40"
"sCeIZt4u","C44"
"5gufl0ql","B01"
"U7lLy2SF","C47"
"Dkdov7Dd","B13"
"4efYadp9","A48"
"MJlp85UL","C41"
"YcnK5Puu","C20"
"JcXNjCUC","B00"
"LrR0t7hf","B40"
"eXCQwU7s","C44"
"0jfSpF2D","C22"
"00f1Zbon","C41"
"tq6zyQCD","C47"
"uJIwkm4x","B00"
"3d7PzZLO","C20"
"3c3hvnAa","C44"
"f7cNal23","B06"
"9SWmy8VZ","B30"
"U1LA0EgC","E90"
"93uHZFeA","C44"
"EsgORudN","C44"
"7G4nrhpY","B01"
"YATlZPWW","C55"
"M5fZh1DD","B01"
"0baPv3vn","B30"
"EOk0Phlz","C26"
"voL4biUw","B32"
"BxlOXeln","C40"
"dcQ67e3i","C55"
"LJIFfwdX","A20"
"CpqroXZV","B00"
"HMbm4oSp","B27"
"dhcslIzk","C50"
"u1eO8cQV","A53"
"JtUXaUf6","C45"
"jsPHmwMW","B03"
"zcSld6Jv","B30"
"8YozGItl","B00"
"tBmlriKT","C45"
"mwBpFze0","C46"
"yIht7e7A","D02"
"2bzUCCL7","B32"
"BtJAQJDc","A00"
"lI8blyVQ","C41"
"XkFjpqg3","B06"
"2koD8Vhz","A45"
"FjpZsJ7N","B00"
"GyQzhWRb","C44"
"vuXm2evT","B34"
"NDm258xt","C41"
"caVsczkO","C30"
"4RaVK33k","B40"
"V542TflI","C24"
"GhMn5XCU","C29"
"oepg1Qx3","D00"
"QZoTLDiR","D00"
"w4c06mBe","C42"
"wkERhygT","C24"
"Q6IU903T","C25"
"ugL0GDjk","B34"
"E8FIT0Dv","C25"
"Hnl8QYYv","A05"
"gxnr5MY4","B32"
"legAfL3E","B32"
"QCvckGi0","D00"
"ojGJ4ekH","D07"
"Fe6pzlkE","B00"
"gs0Ct0iP","C62"
"hnVYY0At","C44"
"dfB8jwT4","A05"
"GB2Ej6cd","C24"
"e8Tdvbra","C54"
"DIbI9OR2","C41"
"BZ2E73g0","C28"
"MAab67BJ","E60"
"4rLVNoAR","C65"
"13qWCtTp","C44"
"xgWU2y7s","C42"
"5nHUMR40","C62"
"kjS5a1lg","C47"
"KsAFJESK","C50"
"JOIwMgpu","C01"
"eNoC4Np5","C44"
"sh0rPNRZ","C24"
"3l6RCHa5","C23"
"dB1BQaUC","B01"
"Tyvzxwb5","C50"
"Yd1vRs2S","C46"
"UALP5fBe","C00"
"B8MY0HOu","A48"
"TSBRznDX","C29"
"RmpRVO9m","C28"
"ne3JSq2h","C25"
"7zA3CLsD","C55"
"usGjquhk","C47"
"Y1HqeIix","B42"
"zZmPvLX5","B10"
"z7uu40Zi","A00"
"Y64nBF2g","C40"
"U3Xr7Zya","C01"
"6S6YZ4RO","C56"
"VFQKfxuj","B40"
"V1ourjGl","C58"
"k4PvxwCN","B01"
"8bVzbReh","E60"
"6415T9Qt","C00"
"6lYyA5MO","B01"
"vyV1G4xc","B02"
"x4cMwWQX","C50"
"xJfy6W02","E61"
"jX0W3XlI","D02"
"41VBAKox","B10"
"RiZSSUlj","A01"
"SORRcd2G","B08"
"xW9w8aVn","C42"
"vpOVIYEN","A20"
"uhkBUFLI","C21"
"KHrHr3TZ","B21"
"poTGYdVO","A45"
"ORsOpOrD","C41"
"ajf5U2im","C45"
"EKG7SN8l","B00"
"a1EipJy1","D00"
"luKY5hcv","B12"
"3FOazCK9","C44"
"c4w9Q1l6","C55"
"09mFS4vM","C46"
"UD0ZF1nc","B06"
"ukT1hCft","C25"
"SGcb2ReI","C25"
"ltIwmAkw","D00"
"BqWLFsa9","D00"
"uoR9Lif5","B23"
"psGp0GPd","C25"
"FDuDW9Mc","B08"
"uwyCubRu","B09"
"Fu3UejCY","B00"
"gK2sDjwQ","C55"
"vtSMznrj","B06"
"TsPGLzaR","A00"
"2y1PG9LL","A46"
"Q7IOoIJA","C25"
"ScDP5iNu","C50"
"66W97mNT","C45"
"AdXxYU0z","C44"
"zGiv91uE","C50"
"fb58xJVJ","C25"
"Zcrz90ES","C62"
"IRgN7JZ0","C62"
"mOr2S8ui","C47"
"QOvDitOt","C23"
"HOUWazCa","B00"
"QzHztplL","C56"
"yI61iSFH","B15"
"HwjEuDkh","C24"
"AtfbVz4Z","C29"
"kNHg9VCp","C62"
"YC7v8wpg","C25"
"YQbZvY1Q","B22"
"5FVTi1qN","C45"
"V1vWbfms","C24"
"mZUrjWhA","C46"
"zeQLNaLE","A22"
"LlvdvX5V","D00"
"aScorfoj","B32"
"yMziEl9w","C44"
"c4wIQ3dD","C50"
"KM3GaMGE","B23"
"t2DUXOyc","B21"
"TBwcrfYC","E90"
"LuTQWNFO","B06"
"mwxqJQ2B","C46"
"L6reLx6X","A00"
"8u21PHsy","C00"
"NDdX1O8E","B02"
"fwHnRTnx","C20"
"oi8JwPXG","B02"
"0HbT5zcY","B00"
"nA3hcUiZ","C50"
"IVRKMRCF","D00"
"jR4NDLbC","D00"
"q8qpUEf7","C46"
"nyIgSrSb","A45"
"eQEzyJGk","C46"
"1jRVW1ps","C41"
"HOqnuLQY","B23"
"M5jV2K8P","A48"
"NdlSG60w","C28"
"qzhBDaPL","C00"
"Z7bmziTO","C58"
"Ey3bvGBP","B10"
"cAZcR6ZP","A45"
"Ss1vb7Re","C11"
"lg4d0Bo7","C45"
"y7iqgrOX","B32"
"CgKvxf2v","A45"
"Uk2qFaUY","E61"
"bwk4VHMO","B40"
"xsvQgXRe","B13"
"YOp24Vky","C62"
"SlgUkiPm","C01"
"QQsu6CEh","B02"
"npAXmLKK","C45"
"Uo8uyLd7","C25"
"NtA6Z3ni","C47"
"7UwzXKXx","B43"
"10Zz78fJ","A45"
"Uv4SgebA","D06"
"Vf3nYnuC","B02"
"GocPPyHk","C25"
"CQAPoAgf","C48"
"08b2T8iQ","C47"
"g7MSTdxU","C34"
"boL46S2Z","C25"
"gsDH5jPS","A00"
"RoMw62N2","C01"
"r9Sj7QmO","C44"
"OXHm2DOY","B34"
"pVdA9nsG","B01"
"EZGDmFqn","B02"
"o5rxb9oQ","A45"
"I1h68xod","B12"
"H1jQLzka","A06"
"qWkVtvTV","A48"
"LTAf5zhf","C45"
"vdJfPkOR","A45"
"pO903YMg","B02"
"4sCeu0G2","C00"
"sR3RPw6Q","C47"
"v82aTym6","B06"
"1T9jFMQl","C25"
"XKfo0Kvo","C46"
"BLtc9NZa","E90"
"QCGxSRhk","B50"
"iY4SHiZf","B23"
"NT13q1Fb","A01"
"mNZGpU8j","C62"
"x7fjU4lh","B00"
"mva973GX","B23"
"Q2YZBPKC","C45"
"j05vRTZO","C47"
"Og4niRhf","C44"
"T69C7TND","B01"
"iPjhGBA3","A45"
"jCnpVUq0","A46"
"E0EHTSWL","E90"
"8WgGqYqn","C46"
"yHvtuVnQ","B23"
"gAapyZl2","C42"
"j9QGlxUK","D04"
"dTdm0ehG","C46"
"pEEyIwor","C47"
"x4TaQ8qy","E91"
"EeYJP7V9","B01"
"n4ji1vba","C01"
"vE2zNktu","E70"
"biGjyZR1","E61"
"92t3dkoA","C25"
"WsxGYQ8l","B00"
"IkOuLbhg","E91"
"rpG54J8B","C47"
"sdUcn1hL","A45"
"EVaOOs8B","C46"
"FkErEtiM","C46"
"8lEI0Utv","D00"
"Oepbss9N","B00"
"FA92dFoT","C25"
"bXvblRZq","C47"
"NaafRJxD","A48"
"Aszon5rv","A45"
"yVIbhRmV","B06"
"06MVCrbx","B00"
"b07jgWht","C24"
"jaD84Ofs","C47"
"IGUaP4jO","C48"
"lCv8ma3G","B02"
"RNk6emxO","B08"
"k5zcBWPz","B02"
"7H8jqPj9","C46"
"CSwusiCj","B02"
"AhSN8X0z","B00"
"sW3dGfLB","C47"
"dsG8dhdB","C25"
"Eg4QDkIL","B10"
"lHNkGCZ6","C66"
"eoYJHA4S","B27"
"xL5pselS","E90"
"Zjoh8lT9","C65"
"kAgcUrEK","D02"
"GBmSANvg","C50"
"3JF3t0jY","C45"
"iid3XQ8w","C00"
"M2OE2Qy0","C58"
"ssUzx9a8","C50"
"GpW43ZSe","A00"
"WaN3k8Py","C45"
"01kLbIIl","C50"
"jCGsc7qr","D02"
"bek3C4LD","B10"
"6iEIjzXI","B23"
"9OdGJH4K","C34"
"CWzPgbPX","D00"
"pWCrS2HV","C46"
"agao8U4E","B10"
"CYw4IaIz","C28"
"4nmegdWj","C25"
"TZPvvBe4","A45"
"4UBRm8kB","C29"
"kUsddumX","C25"
"OKggvF6h","C25"
"UIirxi2S","C24"
"KovGwLNK","C00"
"r3PDNvKn","C24"
"lNvGELaV","C46"
"5Ir8OKpQ","C41"
"mweiUwDt","C47"
"C5gAIR7G","C13"
"bPXtnEb2","C00"
"M7MX3y8N","B06"
"ALrFevFy","C54"
"JNiM6bXX","C42"
"JXgoRnkK","A06"
"YZtRWa52","C50"
"WpVtCO2l","C46"
"srd76XmZ","E61"
"xyTpOSJf","B01"
"CyvZP3yS","C62"
"Vn7eOdBf","B08"
"V7Wq8nTJ","B45"
"L1Ius6Ka","B45"
"JDJMP9lR","C20"
"iSPHjE1e","C65"
"7gyX0bRX","C44"
"URFD632G","B01"
"O9MdP4zv","C25"
"bCsOdZzh","C25"
"WTGRYNOT","C29"
"pfvy9zoB","C20"
"Xxmib5y6","C41"
"Z1klCdec","A45"
"hSZ8qDEc","D00"
"ThUKlBKR","B00"
"CpVRWldA","C50"
"mul8YHg1","C50"
"ApHF8zOV","B18"
"tnzgNiW8","C44"
"XpFaWzGL","C25"
"YNVkHqpP","C41"
"ZUXRcO8G","A53"
"jYsOzlyQ","C48"
"164Xgylp","E60"
"qPbYww4s","C50"
"VTqdbvDx","C22"
"QDVRnbet","C47"
"Yf8B081n","C50"
"SBSzRVJy","B06"
"vOS6eh0W","C44"
"T0hQcPul","C01"
"k10PyWXC","C45"
"KPCqT2fO","C21"
"AP0LN31B","C46"
"AKHKXNU8","C25"
"lxqtF5xT","A03"
"Go1FIhtd","B27"
"0jD7kM6K","C46"
"MjJCOna7","C01"
"g7kEsymI","A45"
"GjXsU7Xe","A00"
"2fIJkKsJ","C62"
"HVLxjsUe","B23"
"BGxZX1LH","B30"
"yf1KUKYv","C50"
"Z3HYurGj","B01"
"DX86chOo","E60"
"4GGy742Y","C23"
"EITDidR1","C25"
"zB6aGcgr","C24"
"ZYSGiUdy","C58"
"Fp7uaAgt","B01"
"TKN6pjzE","C47"
"B5NG3Fbi","C29"
"0xrtaa15","E76"
"K2s48yMq","C29"
"6yr8IdjG","C47"
"X3XCOVkf","B01"
"Rg6SwAXY","B01"
"djTzqLn6","B07"
"FDu9Cd9s","C62"
"2uAZniS4","C47"
"rF0DffZ4","C01"
"VVOnjybj","C37"
"wRvLIPnP","B00"
"JAXfhwhH","C25"
"3yFhWuKq","C34"
"HPE1kK1b","C23"
"qP9NlHSl","C25"
"B5mfok24","B56"
"IWDBtVIj","A45"
"cGdV0QEB","C25"
"rcLyvoGA","A28"
"5b6OOzX0","C20"
"JDqnFMkr","B23"
"2IWoIrW3","A01"
"9N9RIRey","B01"
"w7mbspkk","C55"
"qVltVB3Q","C25"
"xPa1vkdr","B10"
"ZTCdbOrw","A45"
"XER5Sask","C62"
"skDqmpoh","C25"
"dgAiNQWl","C41"
"ltF7Banw","B04"
"5n7GZYSB","D03"
"uqSeNwx0","C37"
"EbhFR8cC","C25"
"PFjfwrby","C47"
"bQD6kMIV","C29"
"jDjNhdkT","B06"
"dlbdBt4V","C47"
"HQDYcOUK","E70"
"fie2fJwW","B01"
"b5uen2Kv","C47"
"pvW1tICN","C62"
"X8GjTUOJ","D20"
"iPKL275F","B23"
"jE66DWE1","C44"
"2Cl2vRhC","C25"
"YJ0ZFF9l","C62"
"A8RIN98v","C28"
"0RgMtaHw","C41"
"5hIywTsC","C48"
"tqkNox60","C46"
"eWwwPSoX","C41"
"DXbFc31L","C24"
"yDzqQjAt","C23"
"r2VywobH","C42"
"drEvgGqq","D00"
"l8OOgqkg","C46"
"5Lo9Dkq0","C23"
"qNLfM10z","B01"
"0X7N2Xzu","A00"
"Gi5Gg89D","A45"
"EBKUjTB1","C00"
"TrvgLmXA","D06"
"KPhtmsCo","B01"
"4Mrz9Vfp","C29"
"yKhScYio","C55"
"EU1x0F0r","C47"
"c9jaHCTY","B23"
"9cSnTQ7E","A45"
"dVgqW2ou","C58"
"UrPwj8SZ","C25"
"qgwbbhVm","C44"
"cPhOVBWU","C44"
"GSM1MhnY","C46"
"4wf0DcmO","C01"
"hnOS6G6n","B01"
"46cWFUV9","D00"
"Vb88Hqdp","C25"
"gKUxGQ0x","E76"
"VN5HTEDK","B23"
"MF7jn9hs","B01"
"KQfNWdCn","C24"
"Z4OtSFRo","B10"
"vTixaChh","C48"
"6pwjWWZm","A05"
"WB19MEUw","C62"
"Tk4Y6EvG","C46"
"sQMHLrgM","A15"
"S3bdg8nH","C01"
"Mn5KKDpG","C20"
"BkqD9AU9","C25"
"7gXDz1nN","C01"
"PaiEGijJ","C28"
"3Vyz05D9","B02"
"oyfaiZw9","B23"
"bsBm7BwV","C25"
"ydORSakz","C21"
"4K2bJCMG","B00"
"onC2HdTW","A00"
"p0XTigPW","C25"
"E8qX9y9h","C44"
"wYRyR7Gk","C48"
"m7SviEEG","C47"
"3BFWVW3D","C46"
"nsESejBj","D02"
"EoZkogpB","C48"
"Zrh6RldC","C25"
"DaQJyemd","C25"
"48KGp2Zd","A01"
"q4ZHM76P","C46"
"YX3Xbzj6","E76"
"eJQmNyAj","B45"
"nIBp6klb","B08"
"LI6RAK3N","C33"
"eYWmqjew","C00"
"XB9pheY9","E90"
"659GXI1x","C47"
"GwtooGfR","A48"
"BEFYVT3o","B10"
"sG9jJV37","C47"
"Dn15JAux","C47"
"bEsmv9KD","C50"
"zb1NLsIb","C00"
"d4fxf391","C25"
"UWf9qdnn","C62"
"DmGxMi16","B00"
"WoTrldUV","B02"
"6bct2ns2","C25"
"Oyjiam7Y","A40"
"PkqU0VBK","C25"
"nmaYUXCm","B02"
"UwgKWzvr","C00"
"w6SvzQCA","D04"
"GyQnl6g7","A48"
"1sQuCY4h","C44"
"qLiBw1aM","B00"
"t8HzeUmu","E71"
"eOb8aeAt","C01"
"lViHnoIx","A01"
"dFKVMQ54","B06"
"DLRrI0dq","C47"
"5qpuNisc","C01"
"dMzkBj0K","C44"
"BSYNjaup","A00"
"yWWXjQnH","C46"
"nAzqiGNe","A45"
"lQ9uAKl1","C25"
"tVLoJEJY","B08"
"HG72N1RM","A46"
"mQDkmXDH","B23"
"bP9s20r4","C25"
"cSIA84CA","C58"
"HhgwROrk","C46"
"ocAxZY2L","C42"
"yxG54MAj","A45"
"Jdv6gmKm","D20"
"L3jLTCji","C58"
"yXynPJ5a","B23"
"xd1pWB9a","B32"
"h51Ku7q1","C34"
"C3eVfq41","C25"
"MFXuQCQh","B06"
"qBgkdPL1","C55"
"iQ4aSyx4","B00"
"KLOMgCFI","C58"
"BoUfWHUF","B02"
"eVHrA1H0","C01"
"Hwm4rDdN","C25"
"SpyNvb9P","B10"
"18keCIcb","C62"
"lj8JXt2Q","C46"
"TZIyr7mK","B03"
"SNPPBNPb","C30"
"YMI1eDHg","C42"
"1f8vhqPx","B02"
"4NHEKaDS","A16"
"gX4oBGZa","C00"
"kfb8cSHd","C50"
"wXjvrmKC","C47"
"ELbIPtiO","B07"
"44tw4foZ","A03"
"kni6fulp","D04"
"Yx25vI1y","B06"
"OAdi97jO","B34"
"Q3AoPExn","A16"
"2GR5omaa","C25"
"7hcNx652","C25"
"gGl62wYb","C30"
"sYfnRtB0","C25"
"bRzYU9HA","B01"
"a6KaubDz","B03"
"6RQt8xyx","C47"
"48yqAV7g","B23"
"EwgjkDDx","B01"
"6ms7hYdM","C28"
"hQ8Nm0OP","E61"
"PNaIq619","A45"
"mEf8lfGv","B23"
"RL7lsNnr","E60"
"GarvVPWj","E61"
"J0fRX1H6","C46"
"TM1sq9CJ","B00"
"VMUXYizO","C62"
"soIlHfSh","C44"
"JkEpBHBa","C42"
"HUgm7jbx","C62"
"ehbExA3s","A50"
"1dvj1aFn","A06"
"IWoRlNCR","C46"
"pUkjyt8r","C42"
"VziVBsCD","C48"
"E7rE2IOp","C55"
"dug1pZ71","C47"
"kMx7gTRI","C44"
"5fbeiLai","B01"
"P597gmdP","C01"
"p0xZkDGp","A00"
"dSLQ8LOC","C46"
"oHRPqWcn","C43"
"C6Mpw3i3","B06"
"F5Kg0RB3","C25"
"MyCIbBsO","E61"
"wrT3e1L3","B21"
"PmZ7o2h7","C54"
"0rtYL4Q0","B12"
"jdH6lgnm","C50"
"MsDSv6u0","C55"
"Eams8AhT","B18"
"Xtig8vMA","C25"
"PvN9X1D9","A00"
"oztTbRv8","C01"
"TO2hs7PP","A45"
"wr70wnEj","B01"
"Xcxg3S6P","B01"
"3mRVPRrY","B02"
"a9WGD5y5","C71"
"8iQ61Kkm","A00"
"DNLqgKq1","C29"
"4i8blDDD","B50"
"gQ7kT0Ca","A45"
"l1HaIsCP","A03"
"llokqHLy","B12"
"fwckjXEG","C55"
"oI8EaHPG","B07"
"HPBa7r5k","E60"
"12nBBfUw","C48"
"4qOAXhrH","C25"
"cVciOSJZ","C55"
"XUyXJ8B4","C01"
"BAfTdpqW","C29"
"OMhm98OS","A45"
"UVV88XBH","C23"
"dCZFP4ss","C60"
"TXsofoCJ","C44"
"zI3M638U","A48"
"BwbepUDV","A45"
"0RlHMVxX","C41"
"XGIPlHqx","B01"
"5BMAQX44","C25"
"mu2W30Zi","A00"
"n0w4VC2d","C58"
"fTZb6EqM","C25"
"d6IXrovW","C25"
"pbA0KOs4","C65"
"WfaCcSgH","C62"
"l5gPZDSZ","B10"
"GhRajtTR","C42"
"vsCbZoW4","B44"
"iwRJmdq8","B02"
"gsBJWgs8","C46"
"gtgspOCp","C44"
"ucWKIDPO","B03"
"a9nINUAC","C00"
"Ls36tshL","C25"
"MUwjYkXf","C25"
"G1ZVSrUB","C44"
"ADA1ehCe","C26"
"lAJPiV4U","C50"
"shDVtTTF","C21"
"xgtEmKNh","B01"
"7RxvGAZp","C47"
"CCMvypyw","B01"
"eArdpPMD","E90"
"20RzBo1N","C22"
"E1oX7yIm","C47"
"rdAAR5iK","A00"
"C3QMpZtb","B01"
"fEhlfs7t","C25"
"lLJLjVKs","C20"
"8Ll3mbQp","C44"
"HEb0HjRB","C01"
"SpJSS7ML","C46"
"Vod0CNnn","C58"
"XE900nPV","C29"
"WOCvz2vD","C58"
"KoxBlNa3","C50"
"fTidcmbh","B00"
"RwMesLp4","D00"
"Zy1ZtLVu","C25"
"HcthnVlc","E60"
"OzGC5wkg","C47"
"3ECApB6X","A48"
"kmwtmKy3","B32"
"Bx7I8zJF","C20"
"RhL3lrLc","C29"
"xLHokDQK","A16"
"cMjZZpHs","C34"
"qDdMsOBE","C22"
"P6vtFhQF","B00"
"67TDXuJb","A40"
"fRgdCxPn","A45"
"aOdn4SS3","B00"
"5OuIlrwI","B28"
"sPyTa18Z","C20"
"nJMlR74j","C31"
"fSAQEsTr","C47"
"a39kMptV","C20"
"7Yw6adNe","C36"
"B61iUCwM","A00"
"3k2gtCxE","A45"
"UICdbK9X","B12"
"QiSzaOnH","B23"
"cSTXB1ui","C62"
"jhJDqfXh","B08"
"iCmqSnpF","B01"
"HYUUsMIU","B32"
"ta1tLLy2","C24"
"sDw9dUUJ","C25"
"UDdnCL62","D04"
"B4iwksxu","B49"
"cDINflMO","D07"
"3sJOwvRT","C01"
"AzJGuyEO","C58"
"CNKfmGHS","B02"
"6MgaLvP5","B00"
"Cnrd3cZa","C48"
"VtgFzVtY","C46"
"i0PWtDtp","B23"
"SG9FDu5v","A00"
"rPCn2ERb","B10"
"xBuLcx2E","A45"
"Y0OHleaF","B08"
"uT2feWmd","C44"
"tQ1R2W4C","C62"
"SwNFsJAS","C46"
"v8V81zKj","B45"
"MQPpzUcm","C42"
"FVjkdcXZ","B32"
"Z3ODJhGp","C62"
"1GpZKknu","C50"
"3GZecHie","B45"
"Jf7hS8I4","C47"
"MM7smczP","B01"
"ZJ2Gk6Oj","A16"
"UoeOEFve","C02"
"okrcjH7e","C21"
"6u02lW4u","B08"
"gbMa2DNu","B06"
"oplG3vKm","A01"
"9mhUNmdW","B01"
"adrcH6L4","E60"
"KTcQgqxd","C44"
"hg2tg8wC","C00"
"Gt2arOue","A45"
"uz8grmoM","C58"
"oVttf1aF","C47"
"HA93sreH","B15"
"SdZEaUGl","C47"
"WRbcZES3","B03"
"GSB3DO68","C25"
"dIMbZFCA","A03"
"9Okdx1SW","C20"
"PpZEQU7W","B01"
"JMEqsmhy","C30"
"9AbMUX0s","C25"
"2LgpPmIA","C20"
"wBuyhwmI","C25"
"X7bbZyCZ","C25"
"LbNeb6oI","C20"
"H29Bnxw8","C55"
"WRDFTsSV","B01"
"365mSEaa","C55"
"ypXqj9kI","C26"
"sb49MiyW","B00"
"N1nmAXrV","C20"
"ZkzOrJCY","C28"
"eoNSH41X","C64"
"MVq6ZJ6t","C21"
"cQvqZEEL","C21"
"2rbSbQ1x","C47"
"am5513Nq","C46"
"S8E4y5uX","E60"
"Fjk8WJVR","B23"
"P0wBPBtG","C25"
"taNoDTTH","B02"
"jQ75ByJT","B02"
"P25eK6e1","B00"
"BLBEYD0L","B02"
"u18CVoNw","B00"
"o8cqQcft","A04"
"PgHcFcGf","C44"
"XBIngflj","C00"
"fdrJmbei","E90"
"pCWMs5ou","C50"
"biWChJs7","C50"
"S6pmgBIO","C62"
"g5eQjChM","C50"
"Q4E2G6nX","A45"
"T38HCLWw","A48"
"LvPhjQys","A45"
"IEn3sJsk","C46"
"9qPo2IU2","C00"
"2Mt6MBYz","B23"
"j2QpRg06","C44"
"Y6LXnSB6","C44"
"3wfmrDMm","B21"
"eQrnCuSR","B02"
"zkLFKoH7","C30"
"bUts3MvN","B32"
"RKQQDtSp","E61"
"Q7d6ixiz","C44"
"RfBJckjo","C10"
"4iaMsuiw","C21"
"KgGMGtqH","C49"
"7Q5VHsn8","A45"
"tOwPZIPV","B01"
"fCpi8SKB","C47"
"dQBtr8fG","B01"
"mFLvadTJ","A45"
"stIuFWj4","D01"
"V42P5Vaj","B00"
"hUYiaFi7","C47"
"fxqCGiE1","A01"
"tN30zLXm","B07"
"DbAhEgsI","A48"
"AmHiLBRY","C50"
"DTSWzlVc","C46"
"Ppctv6d4","E61"
"4hFCF5jp","C45"
"HovjShtc","C47"
"lPJeL2Ee","B23"
"5HcLUqut","A48"
"eerkW3xg","B56"
"IeSpW5fg","C25"
"M5SXfPn3","C42"
"QRrglJqF","E61"
"CSoTffGf","C47"
"dWlv3tgb","E61"
"kxfmbTXC","C46"
"rqlJ6Q42","A05"
"qqsfcBAO","C22"
"RKnmLi3x","B00"
"75E9ZGUj","B01"
"iZgsUTEY","A48"
"ddW35FD0","B06"
"LzPDUMOt","C42"
"rOcbBN4A","C34"
"VVKqdz5b","C25"
"LtKGARYa","C47"
"PTMamtmv","C45"
"VGhup2Mk","C25"
"AOZwZkJo","B02"
"MOP3ak2n","C25"
"2RImHgE3","C47"
"wim7X1n3","C62"
"jT0dY6Pa","C33"
"LoB8zXK6","B46"
"mmxMNshu","A48"
"2qP0PYcb","C42"
"UOF9bRs8","B80"
"NK4jHonc","C01"
"JoiNYPIw","E61"
"OElbM9ol","C47"
"zpxrPmFM","B10"
"CAnYbzH3","A48"
"wRscE0Gj","C62"
"R0ua7tLB","C24"
"ZtkDFzGV","B23"
"DE7gpdBc","A06"
"Qnm5IMj2","C58"
"vCWu7uqm","B00"
"rJh8pK0u","C50"
"9o5yJKb9","C47"
"DRpGZjlh","D03"
"Sfz9v4TN","C46"
"3vsrHRw8","C20"
"nIdt08yT","C25"
"vMpp0wJo","A48"
"IddGnx9Y","A03"
"ghItJCZb","B23"
"zasiRhgO","C25"
"FUsEGPyL","B02"
"spqm92AM","C47"
"W1sqQ9Ea","B10"
"AzFodrEi","C42"
"TxIlIgjK","A00"
"i4TiMRNS","D35"
"axRzC9Nd","C42"
"smkmswKE","B23"
"gsMT6vGw","C48"
"k1FTboRf","A01"
"H5mOXumU","B00"
"fQkD0BUr","C47"
"5GQN0Ud7","C47"
"1fDS38Tn","B02"
"2s6Tl93k","A00"
"UgqxZX2O","C47"
"lylduijp","B06"
"hhDB74h0","C25"
"vMbZdpD7","C21"
"2ev223nm","C47"
"QJyuz8jA","C42"
"5qNHbmBF","B23"
"QPRwTHs4","B23"
"aP7yNCqn","B02"
"3NJTsB9O","B01"
"hPTSA7ss","E61"
"QVEs05Au","D00"
"purAeqsx","C25"
"mcMeAtb0","B02"
"5by9W2Xu","C20"
"e2j291Td","B23"
"JXqIUWSV","C62"
"fUcHJLm4","C66"
"wLoFh1Ru","A45"
"E0g3POW4","C42"
"5bEKSrKg","C44"
"qEU4xRna","C25"
"Lgffq6Ed","C49"
"QHyYHbmZ","B01"
"Oyv2bdRH","A45"
"LRgNIC4x","C23"
"3rrKEoP5","B00"
"dfTuC0J2","B01"
"nWESt0l3","A00"
"BT7ev29z","C25"
"lJlMkLhk","C22"
"TKQWo8Si","C00"
"loPFpEoz","C55"
"u82I78KG","E90"
"JcCRrLWm","B01"
"rhlsRDER","C01"
"v87cZcEs","C44"
"D3eOYz8M","C25"
"4pUdZeGM","C44"
"tovqs6H6","C47"
"GJmAA3cl","E61"
"OrF2NzGZ","C47"
"0Su7Pf4r","B04"
"wNn9JGGZ","C01"
"e217odrS","E61"
"gfscpZHP","C47"
"xv04EUD6","D02"
"OexoNkrO","B18"
"UlDjStRo","C20"
"BcN1l2UH","B15"
"78Tz1jPw","C20"
"vU5gXiyX","C25"
"4ljGzhuj","E61"
"vAzjKcQv","A40"
"35DNwJJh","B01"
"Jx2Zp1Gg","C25"
"E8Y9gQHL","B10"
"pfnhzmkE","C55"
"Q9AT3G9d","C47"
"xhLC5tX7","C25"
"C5DZ5QHr","C44"
"0VVf9x7O","C25"
"Nrt6LlTS","C24"
"fYxJ24Di","B23"
"dbCfELDJ","C48"
"hbju79Dg","B23"
"K3zCYaoT","A00"
"8SZDO4E4","B23"
"9XcFXryG","C44"
"8gI0Ap0j","A00"
"dSdM1DFW","C46"
"I3ZtIOds","B45"
"Hw58ZJmt","B07"
"ScLYgPTU","C20"
"qHhbxXGq","E90"
"UXYsBJ28","B01"
"zpDxDCDH","C25"
"Es9nVALn","C46"
"Mqd81Axa","C47"
"3ceKvzK4","C24"
"obRgX3FR","C25"
"B5hPsFDE","B56"
"eYPihhu4","B02"
"XphWVm19","C25"
"QjlbkQS4","C46"
"8zHOsO3B","C55"
"ifBw9dB1","A01"
"GmlSXLji","C58"
"CLE1BC9w","C00"
"e4zjI7cR","C25"
"kb5pv55D","C20"
"Wc50SUni","C25"
"XErGAi0B","B46"
"WkHlZ4P1","C20"
"A9BUni2u","C47"
"LjOczdfC","B10"
"eaeV0Asf","B01"
"DImtfGX0","C48"
"UdUiuPAN","C25"
"ox8rstA3","A53"
"7g7z4GnJ","B06"
"vZ82IJW1","C24"
"O9MYYBtb","C25"
"ENHMbBRg","C28"
"B2Vw4qlB","C23"
"3B7MIbaU","C46"
"O0gYZo4u","C25"
"Yr44xyYD","C02"
"IG5j1aBO","C47"
"4uuaUHf6","C25"
"B2q4OSfd","B02"
"QwrN4QrM","C44"
"vvHLhsgv","B01"
"15EEmTwo","A04"
"3LF7UF9T","B23"
"xKomJZD4","C42"
"7CICoL2X","A48"
"tssrZOUo","C62"
"YmtAFjZd","B46"
"KZo1bB2i","A45"
"iK0RlLlm","C25"
"MeAmZQlP","C46"
"RTejYZWp","C46"
"Ztq6j7MA","B02"
"kumdmmI0","C30"
"fBS22LLz","B01"
"naoSpmvy","C25"
"9i6OKsXa","B01"
"im0XVELw","C55"
"pzfwDTnO","A00"
"0ZbzcqRQ","C30"
"Xq4yUoE5","B01"
"fQL7VPyd","B10"
"w0zJDB8R","A48"
"80a93ujc","C25"
"oW3rgQCe","C54"
"HTnBMDEM","B02"
"3NSCl6Px","B02"
"W2WZBY3z","B46"
"coMwJvGw","B12"
"ksLBbTpq","C47"
"aQmn8Kb3","B06"
"idGYE96B","A45"
"SRtJufd9","B02"
"GbYb93QX","C13"
"vpOQF34y","A04"
"QYvaqNr5","A15"
"oVzIT9Hf","C00"
"FJEjmlDP","C47"
"z0NuQpzz","C50"
"TlznJyeg","B23"
"moezWKQY","C25"
"138OgVwm","C25"
"cguEaNYu","B02"
"xUqVl7MJ","E60"
"lxAo9jTA","C30"
"m6xwmHKl","C29"
"MfmmMdL0","C58"
"6kGvvrg7","C10"
"fYZy92Ca","D00"
"kz4dHprr","C47"
"6sLzSfVT","C55"
"2cOm4BqN","B01"
"TSwiMMhB","A28"
"q0HrtSaL","C50"
"SQOdBhcH","C11"
"WZToAhud","B05"
"rGbzJukV","C48"
"frbHRPva","B32"
"aygcbXyp","C45"
"pQF4mjwA","C47"
"tIEfFva6","C00"
"p3PxPt06","A00"
"slDrkprv","C00"
"05MBhbkB","C47"
"zdZwBUm2","C46"
"iq3C7La6","D03"
"obOGKgzW","B23"
"wKythchy","C47"
"CsnnB3YR","A48"
"L8rZBYTz","C25"
"bG4xj0eB","B02"
"p80P9d5u","C25"
"oaBqmCdd","C25"
"gW8FNIRQ","A45"
"qkey17S8","B45"
"CMicpbGe","A00"
"xW6pSEpP","A00"
"Ea6lHHNf","C26"
"TIl2iGBG","C00"
"XKGlmj4D","C44"
"2FGso3B6","B90"
"XcK1ZUhZ","C25"
"a7f02gso","E61"
"0ri4aekL","C55"
"jrs47McW","C30"
"sr00WN5Z","B00"
"rswXvbYJ","C47"
"0Pd6dDJm","A48"
"1S7ZhnN7","C45"
"EkiR2U9x","C29"
"IlYJxioH","C25"
"GE096Otx","C47"
"slNwhHGI","C25"
"xNUnlpkW","A00"
"L2tfPHZS","C37"
"8BzUP9kK","C46"
"qkejvDv9","A45"
"7vltyjR8","C25"
"hqdrLsvg","B10"
"QqgGCqMN","C65"
"yftuzNkH","C46"
"Yp5CRwpz","B01"
"cHyEjmZZ","C20"
"wGXL9akf","C46"
"IOAaoLhX","C48"
"oIqBWuXs","B03"
"sO7vxguj","C47"
"TAIUacT4","C46"
"E0riRkLM","C20"
"DPP3N0K4","C29"
"jFvnuSAh","B10"
"phEMeNEF","A48"
"p8i5IsGG","C46"
"vmo8fGow","C42"
"rjsc8Wmv","C25"
"RQTTBnIf","C29"
"UNco8ps4","C23"
"jhN9q6M4","C21"
"GSmar0KW","A45"
"frD6m2qC","C00"
"A7QHSzQP","C47"
"51BrOJmh","C47"
"prvZE6FE","B13"
"dIMRNkzs","A40"
"diMNTJQz","B01"
"snVgq9fx","C66"
"ryaTjpHp","C65"
"GPLjCvSZ","A48"
"TFfzrB2y","C25"
"wxCSlqN2","C56"
"kb6rP1jp","B23"
"2s4fAxo1","A45"
"pLTU4BK7","C47"
"P7ROC6e2","C55"
"4bKxc1uC","C25"
"0F4JaD3T","B00"
"kXoDnhAp","D00"
"hZZHmm64","C34"
"TmAl7WVS","C25"
"Ih4VHWor","C46"
"mPZsTaAt","C47"
"XPMXkvUN","E60"
"hXrSUjh1","C42"
"8R6TAtB1","B08"
"k9n9JHnF","B02"
"aQQe0M5Y","C46"
"gJNgHdyC","A48"
"63pbLvM9","A48"
"J93X5Bw6","C29"
"thVW3Tub","C47"
"PKx6yqD6","A45"
"ukHTgCIZ","C24"
"pp9TO1BL","B06"
"z7jRnB2K","C20"
"qaOCLfBe","C25"
"bs1X7yQC","C46"
"gknwufbO","B03"
"0TEpqaQD","C46"
"WRa1nwV6","A48"
"1fIChsWd","C34"
"epogyHA0","B23"
"xX1XJYnM","C41"
"VaFHN04q","B54"
"krCVTkBM","D00"
"kPqxnJo2","C25"
"qiPEif59","A45"
"sdeTakWo","B43"
"kqZrnZBy","C47"
"k18wAv3J","C46"
"yb4ccEdL","C29"
"Bkl4gCr9","C25"
"eGLv87J6","C47"
"LHa7F3Zg","B23"
"sRElmCO7","E91"
"GpNwFSki","C47"
"DduvuSLO","C01"
"qWCxw8gX","E60"
"c3S6yILs","C48"
"j20uQePX","C55"
"5J6ayvDE","C25"
"fohUU2OQ","C47"
"sQuJ8wsc","C55"
"X7lL0Nu0","C25"
"Grac0sYM","B08"
"ZnNFgM15","B90"
"DwKmUEhx","C29"
"CuNOxNBt","B04"
"OAY71tsW","C20"
"oTCwqda8","A00"
"9zHlf4Ni","E76"
"oNsGWm94","C00"
"zVKlty3z","B45"
"box9IoYw","C58"
"BFTZPxwL","A48"
"Tnv3ZDGS","A45"
"emYSC4zs","C01"
"LGTBeIko","C47"
"mMkOnjww","B32"
"GcQufjlN","C20"
"QriBFrWP","C58"
"DUZuyCcc","B23"
"A7etyFmL","B10"
"gMKiqdPm","C25"
"gDSzDZ9Y","C25"
"WLO7WHvP","C26"
"Is9XRLo9","B23"
"nfPcQkHh","E90"
"z34dAZs1","C29"
"5T3ZW30L","C10"
"B5EYkGD5","B03"
"0XvoLoeD","B10"
"qAscuAXc","A10"
"cEAgl6iO","A21"
"dX3QPlmL","B10"
"8LRqDgXe","A21"
"hRuMxKpR","A85"
"Z7QwX67o","A80"
"l8gOClLL","A28"
"A9NlZinA","B40"
"I94xnJPG","A00"
"ck718doB","B10"
"2UESwiQg","C25"
"sUhrbmvv","B12"
"e3WtOgJe","A21"
"1SwIHz7k","C62"
"s9TgZPhh","B23"
"JmueCNl9","C24"
"sOQKCWnf","A05"
"oHQ0YhQN","C29"
"X71k83Hy","A45"
"IXBDqH9Y","C44"
"afnS5zsg","C58"
"4pcPIcCK","C50"
"z6KzpZMo","A45"
"un1G956D","C25"
"kMNl7ugB","C42"
"GYRKJRNa","C45"
"eWpWsg0F","C50"
"QxmxlnTX","B33"
"50tUsAq2","C58"
"PSMzFjqC","B10"
"1qRkcBEO","C21"
"xyl4FeJ7","B08"
"8CMx1fYu","C58"
"OqMByXk8","B01"
"4WZ4IJe9","C11"
"3OWnnVG6","C21"
"5d6C99Tx","E90"
"7u3EIC7q","B01"
"UuiPA3L8","C25"
"gILu56ET","C29"
"cYMjE8vO","C47"
"klOh5Nu7","C45"
"TQ6w9a6a","B23"
"k3E8g7Cf","D02"
"FzVHHFay","A48"
"TCvCqeCo","B02"
"yweqfFMz","D03"
"YtECCMeD","C29"
"RjP0GQb8","C25"
"sx3n2nq7","B08"
"yC6Z30JH","B09"
"wcUMPtkI","C24"
"FM8GSLND","C50"
"TxMZ5YmC","B08"
"FWVgLLUV","C50"
"V9vQh3Ix","C34"
"1h14ueva","C62"
"63I6Qp84","C47"
"72G9Tare","C47"
"qf9YC4XU","A16"
"bZrYbjdq","B90"
"60ZtRztx","B01"
"FibYCiN6","C62"
"NiGsIBYM","C25"
"1L584nCz","C44"
"9KQUo2HO","C01"
"q1zaQLtD","C55"
"rf39Gl8I","B12"
"CVCF9fhR","C55"
"qM6JXOQh","B23"
"JePrE0aP","A00"
"PhYBO1Sp","C47"
"QMRR9XZj","C25"
"P3r4oM3t","C55"
"8KiJWRgd","C20"
"u9F7X0Hy","C01"
"0DJqne26","B02"
"mcJutkO8","B13"
"jpF8pPfl","E61"
"YLujZz14","C25"
"AKoNNRy3","C55"
"Gg6RidKU","A00"
"gNqvPHfn","B00"
"nEWCOs9t","C29"
"ZzpSNnFj","C41"
"EFwwqUf0","C34"
"YOuecmYG","B32"
"tAImxV46","C20"
"T1IJgYGx","B01"
"q8YshEiI","C24"
"HWLioD3S","C34"
"it4EH95E","C25"
"un8kOMJP","B23"
"gMCVy4Xo","D01"
"jXgn6fHo","B01"
"e6bdVxYq","D04"
"D7bkDaNB","B50"
"hhBfnWGZ","C47"
"m2jVZJOY","B02"
"7Z72LzPf","B00"
"jhW4qTOq","A00"
"LSXx6bNq","E60"
"aUf1ZvSG","C25"
"xHIAq58d","C23"
"YX07C3bJ","C42"
"SqHnIOBe","C21"
"EpVMaLDq","B08"
"UVjZhhE1","C47"
"fRFGT9RP","C46"
"gkMH0yJ1","C25"
"XCBihapb","E61"
"xRfRQpdw","A45"
"3GcRa313","C47"
"WmRslT9r","B10"
"ChUpFZ78","B01"
"ZrU1RT3H","B02"
"QyiDhn2J","E90"
"uSjArb6F","C47"
"QVSLZGe8","C25"
"tUFgWDv4","C25"
"sWGQELQw","C20"
"uqKSLhSK","B84"
"UYOpiNKl","C47"
"ZXs4WArF","C28"
"SPdWL5uc","C47"
"v8ZCeWCp","C28"
"WTdF1XgN","B01"
"sfTkk49r","A48"
"MehnYsQt","B01"
"5eOknBwV","C21"
"TZdeq7z1","C01"
"UzTHC7FP","C21"
"9f1zIyrq","B10"
"TSsMUnb0","B01"
"zxxhq7nH","A45"
"ZDNdAtco","A16"
"imxnDlPi","A48"
"teTz9Js8","C46"
"JC4P7sNK","C25"
"dA7uD8Cr","C42"
"rGhkLAoU","B02"
"cSbCaVkk","B01"
"TUqelp8W","C50"
"cWHAxj2H","A48"
"A7cumCQC","A45"
"k1UHt6Dt","C26"
"ufULUsKQ","C24"
"PoD6hjNS","A45"
"MVUorBb9","C47"
"nJmlt03A","C55"
"8T0tDAf8","B01"
"vNQzYyGq","C25"
"iGnfh5AY","C47"
"ODp3jU1t","C50"
"esJzMIF9","C66"
"f7RPjoiv","B70"
"UiL8LSJS","C46"
"4H5ATLcC","C21"
"FYwD3q8a","C56"
"pcx5AQOG","A48"
"Vr4HxnhC","B10"
"0DKban5v","C47"
"xo790mNw","B10"
"miKTQpBD","C23"
"bVu0xUfN","C48"
"rnN7d30G","B00"
"gtXiM6ME","A45"
"Ft9kmsFw","C47"
"u2I0Ea5N","C00"
"tAlbURzd","C62"
"QoEWjvxs","C00"
"LqSZQT9M","C30"
"Gl8Rocrq","C47"
"qo5x6Bek","B02"
"rPdeaWYu","C47"
"rzOWtuT5","C45"
"NVBP71n8","C41"
"JCw26LQ6","B10"
"DjcMelFZ","C50"
"u71V2x8I","C46"
"nj5LQa8J","D06"
"XPHBuKik","C25"
"6dbSeh7T","C47"
"sCzi67PB","C47"
"pJnXYnPr","C47"
"5q9ykuEN","A02"
"1tWezlCG","C01"
"PhEREQCC","A05"
"8gMmWdSi","B23"
"wLIvl4EQ","B03"
"nOY9krly","C47"
"NKr4mjRN","C47"
"UcjHVNZ3","C34"
"aBkVeRbn","C00"
"k98nxC5b","C25"
"GMLAjq3p","C20"
"qmuG3yEt","A45"
"pvCesAUk","C42"
"0jGLvjll","B01"
"Ul6F6KwF","C62"
"aGY0RQ8a","B01"
"SCpA4KZ7","C20"
"Yp7AIzFz","C50"
"ljiSmCry","C25"
"uljvIZQN","C25"
"XZMBFV1H","D01"
"gZyHQlH6","C50"
"VDXv7J8Q","B10"
"GJ1qyfeX","C55"
"0c3ZVq55","B06"
"ycMYUo6k","C29"
"TBrA9lNo","C48"
"0Mpd7dYt","C25"
"67dLN9Tu","B08"
"t0mLjiY9","C00"
"mHi4GMbm","C47"
"kLfTZNIG","C44"
"6ZyxYYFu","C41"
"ZfiGVXDA","C62"
"9GW5sHxH","B18"
"d5UrX1hR","B02"
"rKKE7l1Y","C25"
"8QjJif6g","C56"
"EjHh8G5x","B10"
"4qn1x0TX","D04"
"nZmzc1gy","A03"
"2soMBVbk","B02"
"yOprDDwP","B23"
"rqbUjpzQ","A00"
"lv4NhI1H","B00"
"nX1ENZWs","C42"
"qeftcp3A","C55"
"lL7l2Cqw","C46"
"fai5aYQE","C58"
"XNpyXIp6","A28"
"ma7SA02E","C29"
"1ttZ1F87","A45"
"jC97pGZv","C50"
"LI0O2WGF","C28"
"3cPoxi1O","C40"
"yXUoHnFH","C48"
"o7SeB6Dj","A00"
"pocSibG0","C24"
"YE9E7q26","B34"
"y4D1NPSe","C44"
"Gs5R6cfW","B00"
"Opi1oqbJ","C02"
"xI0qSA5P","C50"
"93PZUzkZ","C34"
"dDp3gzN3","B90"
"EN4Ytu5O","E90"
"V58z9hXt","C20"
"iic2qcsM","B02"
"S5dVvGRS","A45"
"2dQOrM9Q","A00"
"VT8kkHnM","C24"
"ZpuzTPYe","B34"
"OYY6pz7c","A01"
"z8KGZBTf","B01"
"heDy7dsn","E90"
"zOXnURU8","B00"
"dBZTb7C1","B02"
"pOn8BlOf","B03"
"nLTpKwVn","A25"
"T9B5bCk4","C42"
"OeKQiq0r","E76"
"WhyLpqQA","B23"
"ovv2XDy1","B43"
"bJ0RjXcf","C50"
"b2SdsH8p","C62"
"IhQjAB5A","C25"
"SQptir9q","C00"
"l1KdTc64","A00"
"iVUjLXkN","C55"
"hSUv6ngG","A05"
"02tvqRjP","C50"
"PwE35Xfa","B08"
"gI8KP84z","C25"
"nC8OfnuY","C50"
"6AI2kqvs","C21"
"VqsmTFmy","C47"
"kqF9uC8g","B23"
"mzN8Ylrl","E90"
"jnAHuTNQ","C10"
"ouBSvUkU","A00"
"l6A3pi3C","B00"
"FTUCCAaQ","A03"
"QEIrhDrj","C55"
"0pn7hzHs","B32"
"cKmi3cNk","B01"
"G2RtkcIQ","C00"
"2VW1Io9A","A00"
"nKrzinsO","C26"
"Vjt4z9sa","C47"
"aBETRkQW","B45"
"LTr3aVsg","B02"
"f5TzwBFC","C47"
"MsDNAu0y","C25"
"mlnbVkzg","C22"
"Qo6maqfB","C29"
"ve3lzvan","C26"
"XHL2NHd9","C29"
"zLfKYSip","C29"
"F4ejQGBG","C29"
"jifz2vCj","A48"
"iTG1cuiv","D02"
"qyyBFi51","B45"
"5LcR12pc","B03"
"QRrN0Up3","C00"
"FvnY9bgk","E61"
"uGvpqgIb","B23"
"BXF4ImMq","C25"
"Ni2sg4sy","C24"
"jeJDLhsA","C29"
"eUfgdx7j","B00"
"byUQS97Q","A45"
"r9c4YM7O","B01"
"UutO6Udb","C29"
"Z2SPEhfd","A48"
"OMY2tFPW","B45"
"PlGmWQKL","A45"
"pHnGAn6y","C42"
"FJRzZ94H","A45"
"7K0M3w5H","C25"
"lSUT10Fj","B02"
"j4cyhyJf","C24"
"OHNx0pdo","B08"
"5gsCURfC","A00"
"sCQhf0dd","C25"
"l4bFvlPG","C29"
"o2RFeP8k","C47"
"D0Ytqqtx","C25"
"EtsXVf9s","B03"
"l23ESaxN","C25"
"kSZYRaa2","B02"
"o5voL4Kr","A00"
"GzTPK4BF","C25"
"6A23zpJ7","B02"
"Kewt8ePL","C25"
"R21u37zp","C48"
"bU6WRDFU","E91"
"WnJtaay2","B06"
"Jkmr5GPt","C25"
"iP8J8B7o","C47"
"OT0Q9Z46","C50"
"3kxmsoPk","D02"
"jYBEfJBt","B02"
"nWQw5Cgi","B23"
"NbzsDHLy","C25"
"aJ5r4csY","C29"
"bPkKbfdM","E90"
"2vA4zYOq","A45"
"YfG0g9PG","B13"
"tBzhCk0T","C50"
"E7qxhETZ","C00"
"T5Np1apr","A45"
"f0eO2ygz","C62"
"81ohmNwN","C01"
"0HS0sOXJ","C26"
"Nrw0rltL","B56"
"fPHBVcni","B02"
"pcOQIe3L","C25"
"5laG9oeb","C46"
"xjboZd26","B12"
"hCQaMavY","A45"
"DItXU6jB","C46"
"E8WvGuin","B02"
"LVbUfUNS","B02"
"URve8N3B","B23"
"QaeJkMP5","B06"
"jK2xJXu3","B70"
"KrOEGCUd","C42"
"2udu3Z82","B02"
"vVXMfG4c","C29"
"WnFMnXTj","E61"
"wzlcP7Bc","B48"
"GnzdGYeu","B03"
"jm7Msnlp","B40"
"nPEsFZL6","C25"
"iEr7kUjD","C20"
"0qBHNPGF","A01"
"2LIGloTU","C29"
"bmoR9v83","B10"
"eH9XUQfk","B02"
"KzsuwNgI","C00"
"ZhiUGTHD","C55"
"frT1Jt6a","B23"
"g5T9OQKd","C25"
"nQRwHe6k","B02"
"Wun1yXzq","C00"
"lNvAdq5i","A48"
"USYlDevn","A48"
"CH1spb4v","A45"
"zR2VXAFW","C62"
"mN7eu9D6","C00"
"pyiKo46p","D00"
"BIpe66sf","C44"
"KnAKvLZF","A48"
"57ScX5Y4","C00"
"zEUhwNx8","D04"
"lOm85Zlt","C77"
"JKiSz6pr","C28"
"0tquek2G","C25"
"20d7HfMG","B07"
"FpmbIWAn","B06"
"S0tvWyXQ","C24"
"Oxa6jm3C","C01"
"i4Qw9cp5","C44"
"D03DPhtk","B02"
"LVwFzE6n","C25"
"1qPlONkm","B03"
"5luvbEsy","E76"
"P3KMotGs","C00"
"MUTGeIwg","B00"
"pK4sdvMz","E76"
"CJUak5hg","C00"
"UMcbngcy","E90"
"71vs7dnk","C01"
"s8ZUol7l","C47"
"JNnYnWJO","C29"
"Ap9wQiJa","B01"
"hN8qP4SC","C62"
"EL1wqLuW","B32"
"HBOmvRw0","C50"
"Fr2aC33V","B07"
"rbz8s6Ta","C62"
"KtztL0qt","B00"
"6tcbNfX1","A03"
"szo8Vtdt","B01"
"sigNIWeQ","C24"
"k8jyPaiG","A45"
"9mDX1pbo","B01"
"kCWgaoox","A45"
"IFnSg2SL","B02"
"Rowci3ts","C00"
"bogSEtqx","B32"
"0PEjDShs","C44"
"NP6Hj0Zd","C29"
"SDdmKm4G","C47"
"7Xl1IuVN","B01"
"IRCrNBK2","C47"
"cQMiI0dp","B08"
"vTWXvG5C","C25"
"VtFVbbrM","A45"
"ltkG8cye","B01"
"NgT5WFbn","B10"
"tJPSyyV9","D01"
"P6DqLAQR","A00"
"sW8rXtEC","C25"
"Iei4poUy","A45"
"KVa98zWc","B01"
"plreU2uG","A45"
"NgXkrAUD","E60"
"UyOKiCCL","B15"
"MuURMogN","E61"
"MF7PwnzY","A00"
"E1VwhlPp","E51"
"O3eWbe1T","C20"
"bufLucwG","C25"
"YUbau8fG","C45"
"3rwKJOXz","C20"
"KS36jj3O","B03"
"ieRuzQrQ","B01"
"dysfJSR4","C34"
"WU9jJ8Fd","B32"
"fnxCDbMF","E61"
"xnCJxguZ","C41"
"LXb8AcrB","C24"
"m7v7bAYN","D32"
"baQvm0vO","A45"
"Awo6Dkua","B01"
"SeL4N8jR","B15"
"NYyPNHqM","A15"
"HOZnnXPZ","B12"
"zlPSBV7E","C46"
"zaqoI7zu","D06"
"HwQLM4TZ","D00"
"lBMz320m","C25"
"JcaVrw82","C42"
"VVUzJcXo","C29"
"Nz0wAPIk","D00"
"USyqnnms","B00"
"En56hmIH","C30"
"pN18F0pl","C25"
"iKf1ZR2c","C29"
"QIDuJl77","C45"
"DgGL7cNM","E60"
"h90JhgSn","A03"
"axk2hJFc","C25"
"XpY2AUcN","B45"
"8ZLWuYEH","C47"
"nz56DgDP","C47"
"b0hivoS0","A22"
"ikybX2kZ","C44"
"OKSUIzS2","B45"
"YHxQieCI","B01"
"pys5yRxU","C55"
"WyoJSrIO","B01"
"YVuVflDv","B15"
"nXgn7rMi","B00"
"IlAj0z2j","C50"
"wDrTP7Fl","B00"
"74e4cRko","C25"
"QowTZgS9","A45"
"9dT4wUUT","C50"
"KJ0l90KV","B13"
"SoIaAI6M","C50"
"7QHrothY","B01"
"txkUdIrI","C47"
"47tI17q3","C47"
"gL1pzgk2","C29"
"VIBwueyQ","C41"
"NKi98fTT","B06"
"X4FLN8QN","B70"
"KHlf9p3W","E90"
"cQZHi1IE","B10"
"8kRMvL6j","C43"
"IHSyCOE9","C01"
"CzJEG8y1","B10"
"QdtOOKgX","C20"
"RAVERX3o","C40"
"EpDdMTK2","C62"
"qKP6Hcoy","B23"
"KGeUoXKt","E90"
"Nr4JL8mS","C41"
"24SWMugg","C47"
"ZrQrFjas","B10"
"yXFasCd3","D01"
"CNi3Fx3E","C01"
"ojZ2w8cj","A45"
"vcA0dBNZ","C24"
"6P8UXmQA","C00"
"mcyvn3YP","C50"
"otS5fGae","A20"
"mWb99Nlu","C10"
"oBqrDPRD","A00"
"2m4vjTit","C62"
"3sJ1wVh7","B32"
"9PAOp6CH","C42"
"3cOAYK3m","C47"
"GLhRvrSj","C44"
"4l4e4UzA","C47"
"QcrvGb4R","C25"
"NOHWXysh","C46"
"dnamJWd9","C20"
"2bTBzsjt","C25"
"giB5nsgl","D02"
"BQbD5S35","B40"
"Ptepvq9N","E60"
"H6sLNYCa","C50"
"xJk24wyR","B32"
"pXHdKlaO","C33"
"YqD6bRkv","C45"
"tT4ugZ7t","C25"
"yF7n5ax1","C50"
"AhsX02Xw","A45"
"2FxbVhtC","C29"
"h5fNpYnW","C25"
"exSZNu67","C45"
"KbVWZ91v","B01"
"2bq6pG8k","C48"
"5Fz6sakK","B00"
"Lut1axII","A04"
"0yVTnuvJ","C62"
"LNkSZS4y","C42"
"bxUYJpyv","C25"
"E4dgD8zh","C44"
"b9V5wiRS","B06"
"boKjVgVZ","C50"
"XI835KHO","A21"
"86w8BHH0","C25"
"EgXwdWVh","E70"
"gvxvxqBY","C25"
"nnmJNLUz","B13"
"La8YCLaI","C23"
"58MTfsyT","C25"
"xUaVmlmL","C20"
"RaRDCMij","C47"
"QMXClCfw","B01"
"JqiTK60p","C24"
"k3tXe7BJ","C50"
"3klyVC5N","C10"
"GbVYeEFG","C42"
"Yxdlxq3H","C55"
"SbwPBcoa","C56"
"uTeHHhDt","B18"
"n6hXhYZO","C24"
"4fBSkPJ0","B00"
"VwHJr8Xw","C20"
"shFJhF7j","C50"
"fLqctXtf","C56"
"mHQJDYW6","B01"
"bZLv4MtU","B43"
"mACj7zHG","C58"
"8CXmHMvc","C46"
"4WIXk2JD","C41"
"YupyvfMe","B07"
"5jdzCGSZ","C58"
"rb1wAttn","C46"
"Nn4DxFeY","C45"
"xnBES3YU","C41"
"DOipkuvh","B01"
"dWtCQCgJ","C44"
"J9rPYAYx","C20"
"wDdEhdsm","C44"
"uyArnHUr","C28"
"J378wC4h","D00"
"282MeIAj","C40"
"bYolKZ8K","B01"
"fCt2q1Tt","C29"
"5mQooRei","C46"
"lbankc8Z","B08"
"U8OtbFPt","B00"
"vT818bn9","C25"
"5vP8CD6T","C62"
"Rr3UKIwr","B00"
"TjllCGua","C20"
"ZXzwQFRT","B32"
"ozxsQfaa","C01"
"gtBeVJUs","C47"
"arZSMeYn","C34"
"7UfRspQ2","D00"
"6L8Jxesu","C46"
"7BkRrCCM","B01"
"8iMow9eo","C47"
"hnw6infm","C50"
"xfjy82mL","C62"
"t2RDTpOD","C46"
"IJM9Bmnx","E61"
"kKgAfwVO","C58"
"0hbXvqy2","C25"
"emvMWKdz","C25"
"u1A1RnTB","B10"
"BfJT4O9L","D01"
"mym8eFkq","C22"
"BrAA2xhn","B00"
"wDi0GvuH","C55"
"hI9PHBbT","C47"
"S4regFPk","C47"
"eWQNkzSg","C48"
"cMPwXKm0","C25"
"1DTD9WtQ","C62"
"y4EpUDG7","A48"
"iSiRzuij","B12"
"1G2SKYZ0","C55"
"0CkSsTze","C44"
"2tRvpqGl","C29"
"Mz5hI7w1","C00"
"c4cj5uT6","A48"
"lVbZI4QT","C44"
"3fZb6P7f","B50"
"flX565hE","C44"
"Zbx4ns56","B00"
"fYpWJAIJ","C23"
"HBU6AVIn","C23"
"rmMWMiww","B23"
"sCzIfuQz","A20"
"vE2nINKR","C44"
"8Fb5mfl5","B10"
"wYJOMp7e","C24"
"Yc2rVIgM","C65"
"0LE7dP49","B23"
"VcuNkcVv","B90"
"QaWrbdBD","C28"
"LRUfpWSv","C25"
"BnS5TGGP","B08"
"Omgp6hLf","A45"
"GqzhMvqO","C44"
"u8eVj5up","D04"
"rO8YmEm7","C25"
"yiD0uacT","C29"
"ZkzWhUmM","C42"
"QYWO8lZu","C55"
"G6HNZ9xZ","A53"
"5WodNar0","C01"
"AkHM3FN3","C37"
"iblKalep","C29"
"Q7Pu2XA2","C44"
"gai1msuj","B10"
"8NxlXafl","E70"
"cAVlIBSO","C20"
"8W2KaGgp","C25"
"97ursjoj","B32"
"IGcWNkOi","C45"
"TdLeM2w6","B32"
"PAeYy679","C45"
"HVtOnahx","C47"
"9BbHkvjD","B08"
"zw3NrBe6","C29"
"f7UOS5xZ","B02"
"LzlFoLOt","C25"
"vs0SO8EW","E90"
"fipnz7Lx","C25"
"Oy6FVyx1","A00"
"er18CCrv","C24"
"SKmP8is0","C25"
"ahcmzpk7","C25"
"DfpBE4wf","E61"
"eQv2Co0A","B23"
"cuZZV77P","C20"
"0ilkLyJc","C25"
"u28Mp6BP","C47"
"iTdnAR5g","C01"
"DxcOYGwa","A45"
"N3tdJ0bc","C47"
"o6eNSyjl","C25"
"Qrc9A12e","A00"
"G75gOsOY","E61"
"fv9o4fzh","B10"
"ux7CGXGe","B00"
"XWDpR3p1","C22"
"RiFfJV8p","C25"
"UejZ7dNL","C46"
"kBWY2aKh","D00"
"0DjAEgOX","C25"
"WUzFqpTl","C55"
"PgTBRCGe","B56"
"haf945iL","C44"
"cgnL88Y0","C01"
"rfO6xKFK","A48"
"lNMOZ102","C48"
"f7Ksx4BA","B06"
"VPgSG4U0","C58"
"WCurN5PB","C29"
"D9R09OjX","C22"
"q2PuJgQS","A45"
"5Ejl2niu","C41"
"Vu1wG9xx","C42"
"SWvuSVWx","C02"
"A9EDLA8z","C50"
"YXIPFfVO","C29"
"wfFk8IA5","C44"
"PlFTb11J","C44"
"tjopUDcW","C20"
"wm2gv2FV","C25"
"mFXOD542","C25"
"nP9EglZe","B00"
"0OSDgmEa","C55"
"2N8pqtNp","C42"
"pRY7cj4j","A05"
"3Z8D4CZ4","C25"
"odpeI33F","C25"
"v4MsvTNv","E90"
"YjNdgEkI","B50"
"2ElySxbp","C55"
"k9f1a5sv","C25"
"nA5X29TV","C41"
"BPrvIjSM","C50"
"Fy6g1hra","C30"
"YN6Osex1","C00"
"pnJUGPFp","C50"
"dSkNJkNk","C00"
"8CJacRqD","C42"
"fMBygbHo","C55"
"G9MEbZlZ","B15"
"Bigkld5C","C41"
"YB65Qp43","C20"
"rrPK9gpa","B07"
"XheriJ6m","C22"
"gRfQXzhy","B30"
"7MlEZgU6","C23"
"pqBErsqb","C49"
"dohAl9lb","C47"
"1LEDVBIc","B08"
"M84NM6AJ","C56"
"jpuVJP3m","B18"
"7udM6qvo","C25"
"d8WZo1ED","B08"
"jS0k99Od","A07"
"e5Zfmbqk","C50"
"FFpCH7N6","B06"
"TyED2oIm","C41"
"2wgnC3qZ","C55"
"cfBdvzuD","C55"
"e8HifFTD","C47"
"eL4t4gBG","D06"
"FztECRaJ","C29"
"ZXlDIFXw","A01"
"dcS53pIA","C00"
"vuRBvKdu","D00"
"oK9Tx2dD","C23"
"dgA061rz","C50"
"y2STTGak","C58"
"mDgq6N9q","B15"
"BfB7WKDH","C25"
"2Rh9EyRk","C41"
"KYgl1j4o","C28"
"mt6GD1IZ","C29"
"xtzKqJMx","C44"
"YemNeOne","C25"
"mIzvga3y","C60"
"npseVvTd","C44"
"0a2bBq28","B00"
"A9fTrWJG","D00"
"sx2P0Jjg","C21"
"w5i3jNlR","C41"
"nVShK3tv","C39"
"Rbdbl1Zw","A00"
"tkXaF87B","C20"
"6MPFt8ZN","B06"
"76yCCdZq","B06"
"H5pPfo8P","A00"
"pu65FZjU","A25"
"TfujKNbF","B32"
"ZYXx743N","A22"
"uc70CQ2t","C58"
"zWeR4VkH","C41"
"4TsPNOQj","C65"
"eKOHaxdz","C41"
"oBIYVvNP","C25"
"4DeO92Iu","C34"
"2M3TXMzd","B01"
"hhJEMSl4","D00"
"ZBE5tG3Q","B01"
"ZGjfBZzD","D00"
"euqkFV5W","C42"
"1IHidkli","C40"
"suB3dC0k","C20"
"a5GEzSwL","C50"
"bbsFahZP","E91"
"ZY4MXBz9","B00"
"K0R9r3KS","C44"
"BFehakhu","B06"
"VigydU0k","B34"
"U6j4jnyN","C22"
"bNQZExCK","C60"
"SzTQmv8E","C22"
"RoIfWjPY","C47"
"FwbKXsmA","C62"
"W6OcfIIK","C50"
"OQQKlwOV","C62"
"44wYxoM4","B32"
"UznwG0OC","B50"
"dQreK8KE","E61"
"rADyGmgV","B15"
"onTWSuXR","C55"
"cIcynhWp","B23"
"FAyKjyh7","C10"
"LSQTXyT6","A45"
"olvYlNYz","B01"
"DkWCh2uC","C44"
"t2F6LQap","A45"
"6TbSrKxe","A01"
"SWv40DNc","C68"
"rUnefoQ7","B32"
"fBFK7Nno","B08"
"4Qo1KUaY","C44"
"JTnyQJIM","C29"
"3c8HXk70","C65"
"MYpVMIWk","B56"
"ku4r4nHy","C58"
"j5byDZf8","B90"
"bz2wkrPc","C30"
"MD4MmM5n","D00"
"kVbgjUY2","C44"
"umyZm7dq","D00"
"oJjAwm4e","C01"
"1guDq0mq","D00"
"bAlquunb","E90"
"3AYDJybG","B18"
"6gvINuKx","C44"
"f8XyUxiu","B34"
"fyeeWHcR","C50"
"L1qklOJw","C20"
"jSLGUA7v","B44"
"EQCJykxK","C24"
"jJ4kVKk0","C25"
"DzY4ew0L","C54"
"C0BDn02j","C47"
"mH9O6kDK","C46"
"G7cFFxld","C44"
"9tX7JpJg","B32"
"93y9flXJ","B00"
"BzlufreD","C20"
"1QoLvkbX","D02"
"I4pqpgKh","C40"
"bOfjuOll","B01"
"lZetROSq","C60"
"DUywBYzC","C46"
"e57SBHxb","A46"
"8ygeaWsi","B30"
"nWsW9FW0","C44"
"HjzsTAaU","B10"
"8aOA7Avo","C20"
"P1BjZkof","C50"
"05g2mCcl","C62"
"FIe1CSew","C50"
"Cvm7Ou14","C58"
"R9kPxK1Q","C42"
"OMv0MOQj","A06"
"m98FxeBa","C54"
"jXFFSjls","C25"
"HH4WDhJ8","C24"
"ybownMUY","E76"
"tr6xDCwo","C50"
"69OzD6XK","C44"
"ksUXnH4E","A25"
"DRzaIMj2","C40"
"HAquaIx3","C58"
"X4gIPonf","C42"
"52q0E10y","C00"
"uMhT7Fma","C34"
"1sgt8aCV","C50"
"f0qCxqQF","D00"
"cA9RfLg5","B10"
"HkVXkejm","C50"
"0UcyrXrN","B01"
"fhCCWwfF","C48"
"no1VGt7W","C55"
"cVimYVEH","C50"
"dGJZhBy9","C44"
"A73htnM4","C47"
"eIuDxJaT","A45"
"snlYyluX","C41"
"Xqwf6Lj3","C44"
"GdOq3mBA","C41"
"3wKtsR6O","A09"
"kJri9OyO","B01"
"bMtBRH1h","C44"
"EsMRMMAP","B01"
"kp0AcDfP","C00"
"TknRIJSd","D31"
"L3az8cIg","C42"
"oA5ABT2o","C46"
"OJi5prxP","B01"
"EOcflw93","C50"
"Bg7knofU","C62"
"nDb80ZJe","B13"
"AzFBtWcg","B00"
"dbd6kvPm","A00"
"1ggXWvEb","C62"
"mBWZm3Aw","C00"
"s5AuDBYI","C58"
"Jyc9F3ws","C26"
"4YveW5t7","C40"
"xb1DUWp3","C54"
"M0mSGNoQ","C20"
"xbk4JYE7","C55"
"eznPslNE","D00"
"tX0MgKou","B01"
"fnhPqtlN","A48"
"wmCRSCNZ","C44"
"KXJJg7dF","C50"
"g4GpwRYE","C45"
"fcAKM78u","C20"
"Tvd3VQ6v","B06"
"vcqElb84","C29"
"8hXAj41D","C47"
"v14I4Mdv","C29"
"2GkT1teO","C26"
"5i3P5kN5","B13"
"UxkHMjab","C25"
"tpe3r8Ll","C62"
"NCernOfm","D06"
"DcSrUWoc","A00"
"XPkFQYr0","B01"
"qbeYgx9y","D35"
"IEmDAI8U","C58"
"PpkpN8Tn","B00"
"F9XYxlZS","C20"
"f7YPILJJ","C46"
"RfwsC1o2","B32"
"3G3SCEbt","B01"
"6rgkG6hT","C58"
"NS2z8yYp","C48"
"0OnqCw5h","C55"
"tx9jbbQY","D02"
"Xeux6gBp","B32"
"NBCHekq8","B13"
"98SqR6ug","C00"
"LJxbBSnR","A00"
"bqHn7ej7","A45"
"GR6hLWUF","B00"
"e9bPafOV","A20"
"zw7TB9qE","C25"
"uIUR28Qn","B32"
"0UAdsJ8w","A45"
"UekmaWqY","C29"
"5CVSKIVs","C34"
"rtn4juqQ","C42"
"qJ0wmHan","A48"
"bFxFeE1O","C20"
"A1XJB032","C46"
"Sf2a21hg","C50"
"HtfU83MH","C26"
"WEklAvzV","C34"
"mDwevmr8","A00"
"U2qLtMrX","B01"
"vJMJ1yhG","C37"
"TQQ61Wxv","D30"
"x6Rcga2w","B30"
"8xhnR0qH","C41"
"4CPtfPOu","C24"
"Cy2tgdsP","C50"
"yyc3DVnt","C62"
"cq04Mcp5","C46"
"D2gObLdF","B01"
"1ffhN7LP","D20"
"FISlaV7O","A00"
"MP5hVacl","B08"
"50tJsRSz","C28"
"Tjc9MXBI","B00"
"iLUFXY9w","D37"
"zDc2A2yY","B00"
"9npZwxnS","C37"
"0xzwQfKl","C10"
"dhoLo38h","C29"
"FdYldKCJ","D02"
"eCdW3DFw","B00"
"hAN8Ab6f","C20"
"Yh2hfcjt","C58"
"lkh2Cooc","C50"
"7HDGqblX","B01"
"096wkESR","B32"
"AsKq59Dt","C44"
"2xK9atcJ","E90"
"7U2Lq6JF","C54"
"DL892saa","C50"
"dTHOxclr","C50"
"hNgVuUsW","A45"
"q6FH4zMj","B00"
"BRbRj6yO","B00"
"N8I2Qrrb","D02"
"lifFvygO","C50"
"HG9houZ2","B00"
"UH0zGo5S","C41"
"JW1OD7Dh","D01"
"3tYjMEtt","C23"
"tMNGmYVQ","C41"
"Pcv8Am0K","C50"
"cHQHAR0O","B10"
"1OtUKncO","C60"
"cXrkaPTD","C25"
"Oa0FUkB5","C44"
"Geqjyoel","C01"
"FFVHBqsK","C33"
"jsKvWO7U","C25"
"yzkN3dJx","C66"
"McouhICW","B00"
"x7vWyzRR","B01"
"C5DmQya5","C47"
"CUPADXtb","C25"
"mAaUGVyx","C48"
"6uNidZEp","A48"
"3TilnpaH","C29"
"1GmygCrD","C47"
"BCjK9EcO","B23"
"1Jk37QEf","C62"
"bHbtlfdi","B18"
"5xJv2uMY","D02"
"XnhdS6TL","B01"
"P0dpdBBk","C25"
"IOdx00Mq","C41"
"vOg6iiGZ","C55"
"LdbWH1DM","C62"
"EzrEiAlv","C25"
"7LHwt2A5","B10"
"lHFlMtJ4","E60"
"QnqoQfUZ","B06"
"XQsh0DSJ","A45"
"J4U3fsNF","B40"
"TnSgsqpm","C24"
"3MoTVOgw","D04"
"tF83dDXY","C25"
"OdF6VSuy","C28"
"YPkkYRVM","E70"
"CMA7k4AP","C21"
"ifGqHKgr","C56"
"VCdFiG4F","C29"
"Nbm257Xh","C24"
"rmR42czk","C25"
"xfoMqydv","C34"
"Y8B5Jpl7","A45"
"nYaP2KFb","B50"
"MqxJaB06","C42"
"yzbwaLna","C25"
"vpPjt75v","C28"
"5mlL0TbI","C45"
"SBwVQlqI","C48"
"2AeC1gs0","C47"
"63vrfDD3","C01"
"ImIS4j02","C47"
"c3TZwkXx","C50"
"fExC85oD","E61"
"YtHiJOc4","C11"
"0frMAWjI","C42"
"MRHv8G6s","C25"
"6B2eZKpO","B01"
"96AEb8ck","B30"
"Hu9DxNb7","C42"
"0ky65inC","C45"
"1qj8AB39","A48"
"qvMSnvd7","B40"
"QKwBVoDH","C42"
"pRW0qTos","B23"
"ea1oLUDM","C25"
"oCMrHS8C","B01"
"N6XGxj0K","C58"
"vdSkdCYH","B01"
"wAQmh4Dx","C50"
"bWTmvIwa","A45"
"pDuEle7Y","C25"
"ntQKOWGU","A00"
"4ESQXHAL","C25"
"ucKVE1tQ","C50"
"n557EN0u","C46"
"1fD419CX","A48"
"0xFa4sSv","B01"
"ebV8JGyN","C24"
"rFhwGMZs","C42"
"RMIzkgCg","C25"
"nOoF0LgV","A48"
"lYM2Dv9H","C46"
"g4NeHxED","B32"
"3zLc5I1r","A45"
"AckH7loK","C25"
"fPotywX0","A00"
"b6NzPy7x","C50"
"XWicb8qH","B00"
"Gy7yAt7b","B01"
"Jatbu241","C50"
"9OUfedrw","C42"
"CEU7pvj7","C00"
"NSVrKcWu","D45"
"CT6nXjda","A00"
"GPTWKRBU","B06"
"feBvSHvE","B01"
"EEiTJHJN","B01"
"bNAzgsG7","C58"
"CJb7qyzy","C24"
"ZWGpRSxf","B45"
"K4i8ogZO","A45"
"Iky6ftut","B01"
"6yh0Mmym","C44"
"Ub0tB9ar","C00"
"VolLjfFn","B08"
"tds3j4a1","C24"
"nf0AdXwb","C43"
"SQ5ahnKv","C25"
"MDrZavCP","C47"
"RtPkHoCF","C29"
"oOxF3rV9","C47"
"Bu16xISt","D00"
"TDdVcdjo","B12"
"nHbE1Thk","A07"
"xsibVtSB","C48"
"OjMvDTJL","C41"
"IqkSRAjZ","C29"
"gODsPn1i","C34"
"z868lhSB","B00"
"lN10EtZB","A01"
"h7kw2ho3","B12"
"8DWiW2hZ","B01"
"qtzE6ERL","C34"
"KGzA8MG9","C00"
"zgw0pD58","C55"
"ev6FLoKT","B12"
"4sOCdkTH","C46"
"VMAIC5Bp","C50"
"aDC2w5iO","C29"
"gzJwgAtG","B01"
"dRJzGzQz","C41"
"XxOLg5O0","C34"
"GIyQDXVu","B30"
"njBBVtDW","B95"
"VwgeP9tx","C29"
"SlnFViaY","B01"
"GeY93j7P","C45"
"AqdKcjC0","E60"
"LG5c4J3Z","A45"
"XmKEaluc","C24"
"PJmN8jt2","C25"
"ie3gkN01","B10"
"OzYDFfj9","B00"
"1A88ge9G","A48"
"NYgRcqo4","C42"
"peXW2vZ6","B10"
"SK5SwsEt","A48"
"hSJVirs0","A45"
"dcBvSah5","C25"
"2r6pYowb","B13"
"dnSqyck7","C25"
"HJayxK1w","C48"
"t0CA8ZbQ","C47"
"a54tFjwj","C47"
"eOkDl1oD","C25"
"kTlqUHPw","C36"
"PhVPADkr","C02"
"yaW38Z1N","C10"
"OnEsHO0d","C42"
"7QEchPYX","C29"
"ssufpQoF","C29"
"HL7lIQUT","C50"
"WyrUQ0Yt","C55"
"EOi540mD","D25"
"p22BMLBt","B01"
"Z4HwG7SN","A48"
"6u4K6RVk","C24"
"3JNAi4k8","C42"
"CK6wRwNd","B34"
"rkO2C58p","B76"
"oUcdR98A","A21"
"p9F9iDRx","E90"
"4THVPYrV","E70"
"IwxsErKw","C00"
"V48a3A9K","C55"
"L5iAcsl4","B15"
"yS0bO4YG","C10"
"CzBS5hzx","C42"
"XJoT24lp","C24"
"Roa2rc9v","B01"
"ScMPyENg","E60"
"WGGguSYs","C25"
"7R81QGat","C25"
"yAv8vU6k","A20"
"ItNBWVL4","C37"
"584zoyOh","B56"
"wfISD7RV","B06"
"gdD5jFCj","C50"
"k7SqeEXe","C26"
"dXEOIto1","C50"
"FdeziDlo","C42"
"lWVW8mQK","C42"
"Qw5NPVwk","D04"
"a9S0Kc3i","B45"
"iXnEtjts","C50"
"Fo64lZ4Y","B01"
"kQ98yGQg","C27"
"HMxiISdI","C29"
"IxapDns6","C42"
"vJ4AO7ur","C00"
"BRgEDxAW","C24"
"CELVOdCD","C50"
"nK0CTeQ9","A00"
"Z8yBhmkP","B01"
"bJh922zM","C20"
"RGWP1CNp","B01"
"NqwAsq7S","A45"
"TBMZr4YH","B23"
"rGUVnQcI","A01"
"0IqVFwA7","B00"
"ZntkWgyv","B30"
"UfJDAHtb","C48"
"b3DLan2X","B06"
"rPTOdNCf","E61"
"yGDsK8nq","C42"
"ZAb3w5Up","C25"
"FEXuTBGk","B23"
"1HIJeLbI","C65"
"4OgqaJdj","C24"
"sbZXs8JF","B00"
"JUBZ2p2z","C25"
"4LERQlIa","B01"
"GYuRIxNo","C20"
"Q2ZoEWex","C25"
"Rrw4fsWh","C29"
"fUO0mDtG","C24"
"tBKrbmzc","C50"
"NQ4sxw8q","C30"
"1FxfNbCX","C24"
"wBytxrVy","C25"
"C1vxCncf","B54"
"5aGrb6Uo","C29"
"ba6bdHfM","B90"
"efaxBpr1","C29"
"4icCQz5Z","C42"
"yQ1PTgQW","D02"
"YOXltawB","B27"
"oeqMNyoq","C42"
"kyDIWoct","B08"
"ogqRrNVL","C42"
"E4etAMtN","C24"
"Y7Iv3MqK","A45"
"eGHVFSP4","C59"
"yxML4Q0K","B06"
"Nv5DAh02","D00"
"8hvk2SY3","B01"
"prPSOJY7","C47"
"98MqSnkI","B01"
"wI6H3Dcj","C20"
"5XAKVpGu","B00"
"tyzOfWvP","C42"
"sft2Znbe","B90"
"XtlpwqE5","D00"
"iiF5vs52","C25"
"gUQe92rR","B43"
"nt4eGzMa","C42"
"x2epIM0K","B40"
"ZFFmTAsl","C25"
"sm50O3Y2","C62"
"ARg8lBWf","C50"
"FeAMM1O8","C25"
"jwOMoJcZ","C20"
"9kAH6lMP","C42"
"Ny6wdLyM","C42"
"MzrEaxBq","B01"
"iRe1wE4H","C24"
"w5Ybse8b","B01"
"zGKDLEAX","D31"
"yPgtdprt","C25"
"vwm9LCoP","C20"
"pWLNrP5F","B44"
"gZkOtYe6","C25"
"MWKCFCHn","C34"
"v44K5Hu8","C29"
"Y01NspjJ","C45"
"kFp2cukn","C55"
"vVHPwU9u","C00"
"CUMI18S3","A00"
"9p8u8vHH","B12"
"1pnuN9V4","B12"
"dUeZDDli","A45"
"KBIba96Q","C42"
"vvNAhsGj","B08"
"JcPxrbHT","C28"
"TOND61O9","C42"
"EMiBSjto","C34"
"SxWsaBRy","C29"
"yM1Bk2Eg","C42"
"WUaUeGKW","C01"
"9mTJdjNM","C42"
"INNCJ6TK","B40"
"RZxAM0lA","C24"
"2zgneW8K","C42"
"0LfWML06","C43"
"pkXAXPZ2","B29"
"TW54vevv","C22"
"EPuiwlbX","C25"
"6BHtQkGr","C25"
"peKZgfxP","D00"
"uT8MB8V7","C25"
"Cgu0jpL7","C30"
"SebwjElY","C24"
"WStWaKfL","C25"
"ExdoAEu2","C29"
"HvjT73sS","A20"
"RkUaDNZr","C47"
"chC1gnI1","C29"
"D1TWQToD","E61"
"xF4Aq4ih","B00"
"O7jEMUmh","B18"
"20Ws6zAy","C47"
"rBPEEAO4","C46"
"v99BnPDm","C29"
"XIPRaYBv","C28"
"K2zBS9TY","B27"
"hn16rWMY","C50"
"wQt4jJhG","C01"
"T44Wooe4","C42"
"sFwmZsbc","B10"
"VcOJT3HJ","C50"
"TJgkPgAh","B08"
"RGe6ptq0","E70"
"SULf5EJr","B10"
"zog8xQQd","C47"
"PD6Ggfib","B01"
"qkxdPGbr","C20"
"9oIAeqTh","C25"
"u7px7u1a","E76"
"FPzhDDy0","B32"
"BMxYIFMY","D00"
"c8ct7hF6","C44"
"kNNQ6W5A","C25"
"9nTfb5S5","B00"
"FSagNxnM","C26"
"GcC2ey8A","C69"
"bw3LT6yZ","A45"
"J4nz704y","C29"
"HabQKgGu","C29"
"weDQNA7a","C44"
"QQm0gmcT","D06"
"rpgjUwTZ","C25"
"039S1Suq","C28"
"yxPtn0jf","A06"
"qjuXkcsA","C55"
"7EkgGyf9","C29"
"SUZxrXoJ","C25"
"UaFz4MBD","C28"
"DrLZms3h","C25"
"gtUMq0px","C50"
"FOGVrMgT","A48"
"o5xSP0vR","C28"
"FCaxwm0N","C46"
"B6nv79mS","E60"
"eekdBoOM","C24"
"hTfFnzAA","E60"
"N62We7pH","C42"
"VRCuoWgx","C25"
"7ni6v0qx","C01"
"lZht6Eq3","B10"
"6mj12J8W","C44"
"2Ldsk5AP","B00"
"auZZMPFq","C47"
"sAiHvyjV","C26"
"wQLzG2YN","C47"
"bmXtxXcI","C42"
"A1kQ8ekv","C47"
"oWzwYfGC","C42"
"g3dqE0Rd","B33"
"5DYyiKmy","C47"
"0LMcUphV","E61"
"iRW5r5lf","C29"
"ISWTxTGT","A45"
"nV7zFQvW","B18"
"ecm5SQxJ","C20"
"zUOmSUjK","C58"
"eS2ryA8L","C29"
"UFzAY99h","B28"
"3i4U6Lyd","C28"
"wLy7zIen","B90"
"VkLdwvov","C24"
"waLmm1kt","C29"
"fi7Yz2ff","C25"
"bw68C9v3","C20"
"e2AahBcL","C55"
"hJ0j8qgR","B32"
"qHAhtqHT","C42"
"WGAOjQUw","C29"
"no2vR0tw","A48"
"tWjM8IqZ","C24"
"oVPC3X4L","A22"
"OxthKE9z","C47"
"F1CNBg8I","C24"
"HQzSpOTm","C47"
"EyjXjmxA","C01"
"y86Q2vNC","C42"
"G6dFn13I","C44"
"anWFfkaW","C46"
"yvHqDicC","C25"
"BHgb98Nn","A00"
"DWg9vvOt","C00"
"H4hu74M7","A00"
"V7AICFu6","A40"
"JuBDruoI","B45"
"fSdVvvWi","C24"
"MeF1ZvUe","C47"
"bJFyuSTC","C00"
"gmMsZAtY","B15"
"8yltt802","C44"
"RgpAw2s5","A22"
"JhpoCm11","C46"
"yfuOfuM0","D00"
"PGxIhYgB","B00"
"EcdH9anQ","C29"
"1uMSHccs","C41"
"zdnbSIuT","B01"
"64foP1mj","B00"
"KXPITBgR","E61"
"DPw8agai","C47"
"Shf0eCDz","C10"
"vm0REGoU","C25"
"CZGjWKXW","A48"
"lluoSmcC","C24"
"UskSnmAP","C29"
"UZ78WEaX","C47"
"tOlbXkqc","B15"
"orpnjawS","B02"
"aq6Gk6vY","C42"
"72A8xmZ4","B27"
"Cp2XAYUt","D00"
"WWBnibhO","B45"
"wBo61ReR","C42"
"bHlQuNV7","C42"
"ffG2mHHQ","C29"
"Zwo7XOR0","D06"
"cPmZN78K","C40"
"pkpXxzNo","B02"
"y4urkMjH","C42"
"blbdZ7qU","B40"
"kHzLCInQ","C42"
"pvwxWbpz","C22"
"nwMIWDD2","C00"
